050100,ソフトバンクＢＢ,ソフトバンクＢＢ,ソフトバンクＢＢ,ソフトバンクＢＢ,ソフトバンクＢＢ,ソフトバンクＢＢ,ソフトバンクＢＢ,ソフトバンクＢＢ,ソフトバンクＢＢ,ソフトバンクＢＢ
050101,ソフトバンクＢＢ,ソフトバンクＢＢ,ソフトバンクＢＢ,ソフトバンクＢＢ,ソフトバンクＢＢ,ソフトバンクＢＢ,ソフトバンクＢＢ,ソフトバンクＢＢ,ソフトバンクＢＢ,ソフトバンクＢＢ
050102,ソフトバンクＢＢ,ソフトバンクＢＢ,ソフトバンクＢＢ,ソフトバンクＢＢ,ソフトバンクＢＢ,ソフトバンクＢＢ,ソフトバンクＢＢ,ソフトバンクＢＢ,ソフトバンクＢＢ,ソフトバンクＢＢ
050103,ソフトバンクＢＢ,ソフトバンクＢＢ,ソフトバンクＢＢ,ソフトバンクＢＢ,ソフトバンクＢＢ,ソフトバンクＢＢ,ソフトバンクＢＢ,ソフトバンクＢＢ,ソフトバンクＢＢ,ソフトバンクＢＢ
050104,ソフトバンクＢＢ,ソフトバンクＢＢ,ソフトバンクＢＢ,ソフトバンクＢＢ,ソフトバンクＢＢ,ソフトバンクＢＢ,ソフトバンクＢＢ,ソフトバンクＢＢ,ソフトバンクＢＢ,ソフトバンクＢＢ
050105,ソフトバンクＢＢ,ソフトバンクＢＢ,ソフトバンクＢＢ,ソフトバンクＢＢ,ソフトバンクＢＢ,ソフトバンクＢＢ,ソフトバンクＢＢ,ソフトバンクＢＢ,ソフトバンクＢＢ,ソフトバンクＢＢ
050106,ソフトバンクＢＢ,ソフトバンクＢＢ,ソフトバンクＢＢ,ソフトバンクＢＢ,ソフトバンクＢＢ,ソフトバンクＢＢ,ソフトバンクＢＢ,ソフトバンクＢＢ,ソフトバンクＢＢ,ソフトバンクＢＢ
050107,ソフトバンクＢＢ,ソフトバンクＢＢ,ソフトバンクＢＢ,ソフトバンクＢＢ,ソフトバンクＢＢ,ソフトバンクＢＢ,ソフトバンクＢＢ,ソフトバンクＢＢ,ソフトバンクＢＢ,ソフトバンクＢＢ
050108,ソフトバンクＢＢ,ソフトバンクＢＢ,ソフトバンクＢＢ,ソフトバンクＢＢ,ソフトバンクＢＢ,ソフトバンクＢＢ,ソフトバンクＢＢ,ソフトバンクＢＢ,ソフトバンクＢＢ,ソフトバンクＢＢ
050109,ソフトバンクＢＢ,ソフトバンクＢＢ,ソフトバンクＢＢ,ソフトバンクＢＢ,ソフトバンクＢＢ,ソフトバンクＢＢ,ソフトバンクＢＢ,ソフトバンクＢＢ,ソフトバンクＢＢ,ソフトバンクＢＢ
050110,ソフトバンクＢＢ,ソフトバンクＢＢ,ソフトバンクＢＢ,ソフトバンクＢＢ,ソフトバンクＢＢ,ソフトバンクＢＢ,ソフトバンクＢＢ,ソフトバンクＢＢ,ソフトバンクＢＢ,ソフトバンクＢＢ
050111,ソフトバンクＢＢ,ソフトバンクＢＢ,ソフトバンクＢＢ,ソフトバンクＢＢ,ソフトバンクＢＢ,ソフトバンクＢＢ,ソフトバンクＢＢ,ソフトバンクＢＢ,ソフトバンクＢＢ,ソフトバンクＢＢ
050112,ソフトバンクＢＢ,ソフトバンクＢＢ,ソフトバンクＢＢ,ソフトバンクＢＢ,ソフトバンクＢＢ,ソフトバンクＢＢ,ソフトバンクＢＢ,ソフトバンクＢＢ,ソフトバンクＢＢ,ソフトバンクＢＢ
050113,ソフトバンクＢＢ,ソフトバンクＢＢ,ソフトバンクＢＢ,ソフトバンクＢＢ,ソフトバンクＢＢ,ソフトバンクＢＢ,ソフトバンクＢＢ,ソフトバンクＢＢ,ソフトバンクＢＢ,ソフトバンクＢＢ
050114,ソフトバンクＢＢ,ソフトバンクＢＢ,ソフトバンクＢＢ,ソフトバンクＢＢ,ソフトバンクＢＢ,ソフトバンクＢＢ,ソフトバンクＢＢ,ソフトバンクＢＢ,ソフトバンクＢＢ,ソフトバンクＢＢ
050115,ソフトバンクＢＢ,ソフトバンクＢＢ,ソフトバンクＢＢ,ソフトバンクＢＢ,ソフトバンクＢＢ,ソフトバンクＢＢ,ソフトバンクＢＢ,ソフトバンクＢＢ,ソフトバンクＢＢ,ソフトバンクＢＢ
050116,ソフトバンクＢＢ,ソフトバンクＢＢ,ソフトバンクＢＢ,ソフトバンクＢＢ,ソフトバンクＢＢ,ソフトバンクＢＢ,ソフトバンクＢＢ,ソフトバンクＢＢ,ソフトバンクＢＢ,ソフトバンクＢＢ
050117,ソフトバンクＢＢ,ソフトバンクＢＢ,ソフトバンクＢＢ,ソフトバンクＢＢ,ソフトバンクＢＢ,ソフトバンクＢＢ,ソフトバンクＢＢ,ソフトバンクＢＢ,ソフトバンクＢＢ,ソフトバンクＢＢ
050118,ソフトバンクＢＢ,ソフトバンクＢＢ,ソフトバンクＢＢ,ソフトバンクＢＢ,ソフトバンクＢＢ,ソフトバンクＢＢ,ソフトバンクＢＢ,ソフトバンクＢＢ,ソフトバンクＢＢ,ソフトバンクＢＢ
050119,ソフトバンクＢＢ,ソフトバンクＢＢ,ソフトバンクＢＢ,ソフトバンクＢＢ,ソフトバンクＢＢ,ソフトバンクＢＢ,ソフトバンクＢＢ,ソフトバンクＢＢ,ソフトバンクＢＢ,ソフトバンクＢＢ
050120,ソフトバンクＢＢ,ソフトバンクＢＢ,ソフトバンクＢＢ,ソフトバンクＢＢ,ソフトバンクＢＢ,ソフトバンクＢＢ,ソフトバンクＢＢ,ソフトバンクＢＢ,ソフトバンクＢＢ,ソフトバンクＢＢ
050121,ソフトバンクＢＢ,ソフトバンクＢＢ,ソフトバンクＢＢ,ソフトバンクＢＢ,ソフトバンクＢＢ,ソフトバンクＢＢ,ソフトバンクＢＢ,ソフトバンクＢＢ,ソフトバンクＢＢ,ソフトバンクＢＢ
050122,ソフトバンクＢＢ,ソフトバンクＢＢ,ソフトバンクＢＢ,ソフトバンクＢＢ,ソフトバンクＢＢ,ソフトバンクＢＢ,ソフトバンクＢＢ,ソフトバンクＢＢ,ソフトバンクＢＢ,ソフトバンクＢＢ
050123,ソフトバンクＢＢ,ソフトバンクＢＢ,ソフトバンクＢＢ,ソフトバンクＢＢ,ソフトバンクＢＢ,ソフトバンクＢＢ,ソフトバンクＢＢ,ソフトバンクＢＢ,ソフトバンクＢＢ,ソフトバンクＢＢ
050124,ソフトバンクＢＢ,ソフトバンクＢＢ,ソフトバンクＢＢ,ソフトバンクＢＢ,ソフトバンクＢＢ,ソフトバンクＢＢ,ソフトバンクＢＢ,ソフトバンクＢＢ,ソフトバンクＢＢ,ソフトバンクＢＢ
050125,ソフトバンクＢＢ,ソフトバンクＢＢ,ソフトバンクＢＢ,ソフトバンクＢＢ,ソフトバンクＢＢ,ソフトバンクＢＢ,ソフトバンクＢＢ,ソフトバンクＢＢ,ソフトバンクＢＢ,ソフトバンクＢＢ
050126,ソフトバンクＢＢ,ソフトバンクＢＢ,ソフトバンクＢＢ,ソフトバンクＢＢ,ソフトバンクＢＢ,ソフトバンクＢＢ,ソフトバンクＢＢ,ソフトバンクＢＢ,ソフトバンクＢＢ,ソフトバンクＢＢ
050127,ソフトバンクＢＢ,ソフトバンクＢＢ,ソフトバンクＢＢ,ソフトバンクＢＢ,ソフトバンクＢＢ,ソフトバンクＢＢ,ソフトバンクＢＢ,ソフトバンクＢＢ,ソフトバンクＢＢ,ソフトバンクＢＢ
050128,ソフトバンクＢＢ,ソフトバンクＢＢ,ソフトバンクＢＢ,ソフトバンクＢＢ,ソフトバンクＢＢ,ソフトバンクＢＢ,ソフトバンクＢＢ,ソフトバンクＢＢ,ソフトバンクＢＢ,ソフトバンクＢＢ
050129,ソフトバンクＢＢ,ソフトバンクＢＢ,ソフトバンクＢＢ,ソフトバンクＢＢ,ソフトバンクＢＢ,ソフトバンクＢＢ,ソフトバンクＢＢ,ソフトバンクＢＢ,ソフトバンクＢＢ,ソフトバンクＢＢ
050130,ソフトバンクＢＢ,ソフトバンクＢＢ,ソフトバンクＢＢ,ソフトバンクＢＢ,ソフトバンクＢＢ,ソフトバンクＢＢ,ソフトバンクＢＢ,ソフトバンクＢＢ,ソフトバンクＢＢ,ソフトバンクＢＢ
050131,ソフトバンクＢＢ,ソフトバンクＢＢ,ソフトバンクＢＢ,ソフトバンクＢＢ,ソフトバンクＢＢ,ソフトバンクＢＢ,ソフトバンクＢＢ,ソフトバンクＢＢ,ソフトバンクＢＢ,ソフトバンクＢＢ
050132,ソフトバンクＢＢ,ソフトバンクＢＢ,ソフトバンクＢＢ,ソフトバンクＢＢ,ソフトバンクＢＢ,ソフトバンクＢＢ,ソフトバンクＢＢ,ソフトバンクＢＢ,ソフトバンクＢＢ,ソフトバンクＢＢ
050133,ソフトバンクＢＢ,ソフトバンクＢＢ,ソフトバンクＢＢ,ソフトバンクＢＢ,ソフトバンクＢＢ,ソフトバンクＢＢ,ソフトバンクＢＢ,ソフトバンクＢＢ,ソフトバンクＢＢ,ソフトバンクＢＢ
050134,ソフトバンクＢＢ,ソフトバンクＢＢ,ソフトバンクＢＢ,ソフトバンクＢＢ,ソフトバンクＢＢ,ソフトバンクＢＢ,ソフトバンクＢＢ,ソフトバンクＢＢ,ソフトバンクＢＢ,ソフトバンクＢＢ
050135,ソフトバンクＢＢ,ソフトバンクＢＢ,ソフトバンクＢＢ,ソフトバンクＢＢ,ソフトバンクＢＢ,ソフトバンクＢＢ,ソフトバンクＢＢ,ソフトバンクＢＢ,ソフトバンクＢＢ,ソフトバンクＢＢ
050136,ソフトバンクＢＢ,ソフトバンクＢＢ,ソフトバンクＢＢ,ソフトバンクＢＢ,ソフトバンクＢＢ,ソフトバンクＢＢ,ソフトバンクＢＢ,ソフトバンクＢＢ,ソフトバンクＢＢ,ソフトバンクＢＢ
050137,ソフトバンクＢＢ,ソフトバンクＢＢ,ソフトバンクＢＢ,ソフトバンクＢＢ,ソフトバンクＢＢ,ソフトバンクＢＢ,ソフトバンクＢＢ,ソフトバンクＢＢ,ソフトバンクＢＢ,ソフトバンクＢＢ
050138,ソフトバンクＢＢ,ソフトバンクＢＢ,ソフトバンクＢＢ,ソフトバンクＢＢ,ソフトバンクＢＢ,ソフトバンクＢＢ,ソフトバンクＢＢ,ソフトバンクＢＢ,ソフトバンクＢＢ,ソフトバンクＢＢ
050139,ソフトバンクＢＢ,ソフトバンクＢＢ,ソフトバンクＢＢ,ソフトバンクＢＢ,ソフトバンクＢＢ,ソフトバンクＢＢ,ソフトバンクＢＢ,ソフトバンクＢＢ,ソフトバンクＢＢ,ソフトバンクＢＢ
050140,ソフトバンクＢＢ,ソフトバンクＢＢ,ソフトバンクＢＢ,ソフトバンクＢＢ,ソフトバンクＢＢ,ソフトバンクＢＢ,ソフトバンクＢＢ,ソフトバンクＢＢ,ソフトバンクＢＢ,ソフトバンクＢＢ
050141,ソフトバンクＢＢ,ソフトバンクＢＢ,ソフトバンクＢＢ,ソフトバンクＢＢ,ソフトバンクＢＢ,ソフトバンクＢＢ,ソフトバンクＢＢ,ソフトバンクＢＢ,ソフトバンクＢＢ,ソフトバンクＢＢ
050142,ソフトバンクＢＢ,ソフトバンクＢＢ,ソフトバンクＢＢ,ソフトバンクＢＢ,ソフトバンクＢＢ,ソフトバンクＢＢ,ソフトバンクＢＢ,ソフトバンクＢＢ,ソフトバンクＢＢ,ソフトバンクＢＢ
050143,ソフトバンクＢＢ,ソフトバンクＢＢ,ソフトバンクＢＢ,ソフトバンクＢＢ,ソフトバンクＢＢ,ソフトバンクＢＢ,ソフトバンクＢＢ,ソフトバンクＢＢ,ソフトバンクＢＢ,ソフトバンクＢＢ
050144,ソフトバンクＢＢ,ソフトバンクＢＢ,ソフトバンクＢＢ,ソフトバンクＢＢ,ソフトバンクＢＢ,ソフトバンクＢＢ,ソフトバンクＢＢ,ソフトバンクＢＢ,ソフトバンクＢＢ,ソフトバンクＢＢ
050145,ソフトバンクＢＢ,ソフトバンクＢＢ,ソフトバンクＢＢ,ソフトバンクＢＢ,ソフトバンクＢＢ,ソフトバンクＢＢ,ソフトバンクＢＢ,ソフトバンクＢＢ,ソフトバンクＢＢ,ソフトバンクＢＢ
050146,ソフトバンクＢＢ,ソフトバンクＢＢ,ソフトバンクＢＢ,ソフトバンクＢＢ,ソフトバンクＢＢ,ソフトバンクＢＢ,ソフトバンクＢＢ,ソフトバンクＢＢ,ソフトバンクＢＢ,ソフトバンクＢＢ
050147,ソフトバンクＢＢ,ソフトバンクＢＢ,ソフトバンクＢＢ,ソフトバンクＢＢ,ソフトバンクＢＢ,ソフトバンクＢＢ,ソフトバンクＢＢ,ソフトバンクＢＢ,ソフトバンクＢＢ,ソフトバンクＢＢ
050148,ソフトバンクＢＢ,ソフトバンクＢＢ,ソフトバンクＢＢ,ソフトバンクＢＢ,ソフトバンクＢＢ,ソフトバンクＢＢ,ソフトバンクＢＢ,ソフトバンクＢＢ,ソフトバンクＢＢ,ソフトバンクＢＢ
050149,ソフトバンクＢＢ,ソフトバンクＢＢ,ソフトバンクＢＢ,ソフトバンクＢＢ,ソフトバンクＢＢ,ソフトバンクＢＢ,ソフトバンクＢＢ,ソフトバンクＢＢ,ソフトバンクＢＢ,ソフトバンクＢＢ
050150,ソフトバンクＢＢ,ソフトバンクＢＢ,ソフトバンクＢＢ,ソフトバンクＢＢ,ソフトバンクＢＢ,ソフトバンクＢＢ,ソフトバンクＢＢ,ソフトバンクＢＢ,ソフトバンクＢＢ,ソフトバンクＢＢ
050151,ソフトバンクＢＢ,ソフトバンクＢＢ,ソフトバンクＢＢ,ソフトバンクＢＢ,ソフトバンクＢＢ,ソフトバンクＢＢ,ソフトバンクＢＢ,ソフトバンクＢＢ,ソフトバンクＢＢ,ソフトバンクＢＢ
050152,ソフトバンクＢＢ,ソフトバンクＢＢ,ソフトバンクＢＢ,ソフトバンクＢＢ,ソフトバンクＢＢ,ソフトバンクＢＢ,ソフトバンクＢＢ,ソフトバンクＢＢ,ソフトバンクＢＢ,ソフトバンクＢＢ
050153,ソフトバンクＢＢ,ソフトバンクＢＢ,ソフトバンクＢＢ,ソフトバンクＢＢ,ソフトバンクＢＢ,ソフトバンクＢＢ,ソフトバンクＢＢ,ソフトバンクＢＢ,ソフトバンクＢＢ,ソフトバンクＢＢ
050154,ソフトバンクＢＢ,ソフトバンクＢＢ,ソフトバンクＢＢ,ソフトバンクＢＢ,ソフトバンクＢＢ,ソフトバンクＢＢ,ソフトバンクＢＢ,ソフトバンクＢＢ,ソフトバンクＢＢ,ソフトバンクＢＢ
050155,ソフトバンクＢＢ,ソフトバンクＢＢ,ソフトバンクＢＢ,ソフトバンクＢＢ,ソフトバンクＢＢ,ソフトバンクＢＢ,ソフトバンクＢＢ,ソフトバンクＢＢ,ソフトバンクＢＢ,ソフトバンクＢＢ
050156,ソフトバンクＢＢ,ソフトバンクＢＢ,ソフトバンクＢＢ,ソフトバンクＢＢ,ソフトバンクＢＢ,ソフトバンクＢＢ,ソフトバンクＢＢ,ソフトバンクＢＢ,ソフトバンクＢＢ,ソフトバンクＢＢ
050157,ソフトバンクＢＢ,ソフトバンクＢＢ,ソフトバンクＢＢ,ソフトバンクＢＢ,ソフトバンクＢＢ,ソフトバンクＢＢ,ソフトバンクＢＢ,ソフトバンクＢＢ,ソフトバンクＢＢ,ソフトバンクＢＢ
050158,ソフトバンクＢＢ,ソフトバンクＢＢ,ソフトバンクＢＢ,ソフトバンクＢＢ,ソフトバンクＢＢ,ソフトバンクＢＢ,ソフトバンクＢＢ,ソフトバンクＢＢ,ソフトバンクＢＢ,ソフトバンクＢＢ
050159,ソフトバンクＢＢ,ソフトバンクＢＢ,ソフトバンクＢＢ,ソフトバンクＢＢ,ソフトバンクＢＢ,ソフトバンクＢＢ,ソフトバンクＢＢ,ソフトバンクＢＢ,ソフトバンクＢＢ,ソフトバンクＢＢ
050160,ソフトバンクＢＢ,ソフトバンクＢＢ,ソフトバンクＢＢ,ソフトバンクＢＢ,ソフトバンクＢＢ,ソフトバンクＢＢ,ソフトバンクＢＢ,ソフトバンクＢＢ,ソフトバンクＢＢ,ソフトバンクＢＢ
050161,ソフトバンクＢＢ,ソフトバンクＢＢ,ソフトバンクＢＢ,ソフトバンクＢＢ,ソフトバンクＢＢ,ソフトバンクＢＢ,ソフトバンクＢＢ,ソフトバンクＢＢ,ソフトバンクＢＢ,ソフトバンクＢＢ
050162,ソフトバンクＢＢ,ソフトバンクＢＢ,ソフトバンクＢＢ,ソフトバンクＢＢ,ソフトバンクＢＢ,ソフトバンクＢＢ,ソフトバンクＢＢ,ソフトバンクＢＢ,ソフトバンクＢＢ,ソフトバンクＢＢ
050163,ソフトバンクＢＢ,ソフトバンクＢＢ,ソフトバンクＢＢ,ソフトバンクＢＢ,ソフトバンクＢＢ,ソフトバンクＢＢ,ソフトバンクＢＢ,ソフトバンクＢＢ,ソフトバンクＢＢ,ソフトバンクＢＢ
050164,ソフトバンクＢＢ,ソフトバンクＢＢ,ソフトバンクＢＢ,ソフトバンクＢＢ,ソフトバンクＢＢ,ソフトバンクＢＢ,ソフトバンクＢＢ,ソフトバンクＢＢ,ソフトバンクＢＢ,ソフトバンクＢＢ
050165,ソフトバンクＢＢ,ソフトバンクＢＢ,ソフトバンクＢＢ,ソフトバンクＢＢ,ソフトバンクＢＢ,ソフトバンクＢＢ,ソフトバンクＢＢ,ソフトバンクＢＢ,ソフトバンクＢＢ,ソフトバンクＢＢ
050166,ソフトバンクＢＢ,ソフトバンクＢＢ,ソフトバンクＢＢ,ソフトバンクＢＢ,ソフトバンクＢＢ,ソフトバンクＢＢ,ソフトバンクＢＢ,ソフトバンクＢＢ,ソフトバンクＢＢ,ソフトバンクＢＢ
050167,ソフトバンクＢＢ,ソフトバンクＢＢ,ソフトバンクＢＢ,ソフトバンクＢＢ,ソフトバンクＢＢ,ソフトバンクＢＢ,ソフトバンクＢＢ,ソフトバンクＢＢ,ソフトバンクＢＢ,ソフトバンクＢＢ
050168,ソフトバンクＢＢ,ソフトバンクＢＢ,ソフトバンクＢＢ,ソフトバンクＢＢ,ソフトバンクＢＢ,ソフトバンクＢＢ,ソフトバンクＢＢ,ソフトバンクＢＢ,ソフトバンクＢＢ,ソフトバンクＢＢ
050169,ソフトバンクＢＢ,ソフトバンクＢＢ,ソフトバンクＢＢ,ソフトバンクＢＢ,ソフトバンクＢＢ,ソフトバンクＢＢ,ソフトバンクＢＢ,ソフトバンクＢＢ,ソフトバンクＢＢ,ソフトバンクＢＢ
050170,ソフトバンクＢＢ,ソフトバンクＢＢ,ソフトバンクＢＢ,ソフトバンクＢＢ,ソフトバンクＢＢ,ソフトバンクＢＢ,ソフトバンクＢＢ,ソフトバンクＢＢ,ソフトバンクＢＢ,ソフトバンクＢＢ
050171,ソフトバンクＢＢ,ソフトバンクＢＢ,ソフトバンクＢＢ,ソフトバンクＢＢ,ソフトバンクＢＢ,ソフトバンクＢＢ,ソフトバンクＢＢ,ソフトバンクＢＢ,ソフトバンクＢＢ,ソフトバンクＢＢ
050172,ソフトバンクＢＢ,ソフトバンクＢＢ,ソフトバンクＢＢ,ソフトバンクＢＢ,ソフトバンクＢＢ,ソフトバンクＢＢ,ソフトバンクＢＢ,ソフトバンクＢＢ,ソフトバンクＢＢ,ソフトバンクＢＢ
050173,ソフトバンクＢＢ,ソフトバンクＢＢ,ソフトバンクＢＢ,ソフトバンクＢＢ,ソフトバンクＢＢ,ソフトバンクＢＢ,ソフトバンクＢＢ,ソフトバンクＢＢ,ソフトバンクＢＢ,ソフトバンクＢＢ
050174,ソフトバンクＢＢ,ソフトバンクＢＢ,ソフトバンクＢＢ,ソフトバンクＢＢ,ソフトバンクＢＢ,ソフトバンクＢＢ,ソフトバンクＢＢ,ソフトバンクＢＢ,ソフトバンクＢＢ,ソフトバンクＢＢ
050175,ソフトバンクＢＢ,ソフトバンクＢＢ,ソフトバンクＢＢ,ソフトバンクＢＢ,ソフトバンクＢＢ,ソフトバンクＢＢ,ソフトバンクＢＢ,ソフトバンクＢＢ,ソフトバンクＢＢ,ソフトバンクＢＢ
050176,ソフトバンクＢＢ,ソフトバンクＢＢ,ソフトバンクＢＢ,ソフトバンクＢＢ,ソフトバンクＢＢ,ソフトバンクＢＢ,ソフトバンクＢＢ,ソフトバンクＢＢ,ソフトバンクＢＢ,ソフトバンクＢＢ
050177,ソフトバンクＢＢ,ソフトバンクＢＢ,ソフトバンクＢＢ,ソフトバンクＢＢ,ソフトバンクＢＢ,ソフトバンクＢＢ,ソフトバンクＢＢ,ソフトバンクＢＢ,ソフトバンクＢＢ,ソフトバンクＢＢ
050178,ソフトバンクＢＢ,ソフトバンクＢＢ,ソフトバンクＢＢ,ソフトバンクＢＢ,ソフトバンクＢＢ,ソフトバンクＢＢ,ソフトバンクＢＢ,ソフトバンクＢＢ,ソフトバンクＢＢ,ソフトバンクＢＢ
050179,ソフトバンクＢＢ,ソフトバンクＢＢ,ソフトバンクＢＢ,ソフトバンクＢＢ,ソフトバンクＢＢ,ソフトバンクＢＢ,ソフトバンクＢＢ,ソフトバンクＢＢ,ソフトバンクＢＢ,ソフトバンクＢＢ
050180,ソフトバンクＢＢ,ソフトバンクＢＢ,ソフトバンクＢＢ,ソフトバンクＢＢ,ソフトバンクＢＢ,ソフトバンクＢＢ,ソフトバンクＢＢ,ソフトバンクＢＢ,ソフトバンクＢＢ,ソフトバンクＢＢ
050181,ソフトバンクＢＢ,ソフトバンクＢＢ,ソフトバンクＢＢ,,,,,,,
050182,,,,,,,,,,
050183,,,,,,,,,,
050184,,,,,,,,,,
050185,,,,,,,,,,
050186,,,,,,,,,,
050187,,,,,,,,,,
050188,,,,,,,,,,
050189,,,,,,,,,,
050190,,,,,,,,,,
050191,,,,,,,,,,
050192,,,,,,,,,,
050193,,,,,,,,,,
050194,,,,,,,,,,
050195,,,,,,,,,,
050196,,,,,,,,,,
050197,,,,,,,,,,
050198,,,,,,,,,,
050199,,,,,,,,,,
050200,ソフトバンクテレコム,ソフトバンクテレコム,ソフトバンクテレコム,ソフトバンクテレコム,ソフトバンクテレコム,ソフトバンクテレコム,ソフトバンクテレコム,ソフトバンクテレコム,ソフトバンクテレコム,ソフトバンクテレコム
050201,ソフトバンクテレコム,ソフトバンクテレコム,ソフトバンクテレコム,ソフトバンクテレコム,ソフトバンクテレコム,ソフトバンクテレコム,ソフトバンクテレコム,ソフトバンクテレコム,ソフトバンクテレコム,ソフトバンクテレコム
050202,ソフトバンクテレコム,ソフトバンクテレコム,ソフトバンクテレコム,ソフトバンクテレコム,ソフトバンクテレコム,ソフトバンクテレコム,ソフトバンクテレコム,ソフトバンクテレコム,ソフトバンクテレコム,ソフトバンクテレコム
050203,ソフトバンクテレコム,ソフトバンクテレコム,ソフトバンクテレコム,ソフトバンクテレコム,ソフトバンクテレコム,ソフトバンクテレコム,ソフトバンクテレコム,,,
050204,,,,,,,,,,
050205,,,,,,,,,,
050206,,,,,,,,,,
050207,,,,,,,,,,
050208,,,,,,,,,,
050209,,,,,,,,,,
050210,,,,,,,,,,
050211,,,,,,,,,,
050212,,,,,,,,,,
050213,,,,,,,,,,
050214,,,,,,,,,,
050215,,,,,,,,,,
050216,,,,,,,,,,
050217,,,,,,,,,,
050218,,,,,,,,,,
050219,,,,,,,,,,
050220,ＫＤＤＩ,ＫＤＤＩ,,,,,,,,
050221,,,,,,,,,,
050222,,,,,,,,,,
050223,,,,,,,,,,
050224,,,,,,,,,,
050225,,,,,,,,,,
050226,,,,,,,,,,
050227,,,,,,,,,,
050228,,,,,,,,,,
050229,,,,,,,,,,
050230,,,,,,,,,,
050231,,,,,,,,,,
050232,,,,,,,,,,
050233,,,,,,,,,,
050234,,,,,,,,,,
050235,,,,,,,,,,
050236,,,,,,,,,,
050237,,,,,,,,,,
050238,,,,,,,,,,
050239,,,,,,,,,,
050240,,,,ＮＴＴ−ＭＥ,,,,,,
050241,,,,,,,,,,
050242,,,,,,,,,,
050243,,,,,,,,,,
050244,,,,,,,,,,
050245,,,,,,,,,,
050246,,,,,,,,,,
050247,,,,,,,,,,
050248,,,,,,,,,,
050249,,,,,,,,,,
050250,,,,,,,,,,
050251,,,,,,,,,,
050252,,,,,,ＫＤＤＩ,,,,
050253,,,,,,,,,,
050254,,,,,,,,,,
050255,,,,,,,,,,
050256,,,,,,,,,,
050257,,,,,,,,,,
050258,,,,,,,,,,
050259,,,,,,,,,,
050260,,,,,,,,,,
050261,,,,,,,,,,
050262,,,,,,,,,,
050263,,,,,,,,,,
050264,,,,,,,,,,
050265,,,,,,,,,,
050266,,,,,,,,,,
050267,,,,,,,,,,
050268,,,,,,,,,,
050269,,,,,,,,,,
050270,,,,,,,,,,
050271,,,,,,,,,,
050272,,,,,,,,,,
050273,,,,,,,,,,
050274,,,,,,,,,,
050275,,,,,,,,,,
050276,,,,,,,,,,
050277,,,,,,,,,,
050278,,,,,,,,,,
050279,,,,,,,,,,
050280,,,,,,,,,,
050281,,,,,,,,,,
050282,,,,,,,,,,
050283,,,,,,,,,,
050284,,,,,,,,,,
050285,,,,,,,,,,
050286,,,,,,,,,,
050287,,,,,,,,,,
050288,,,,,,,,,,
050289,,,,,,,,,,
050290,,,,,,,,,,
050291,,,,,,,,,,
050292,,,,,,,,,,
050293,,,,,,,,,,
050294,,,,,,,,,,
050295,,,,,,,,,,
050296,,,,,,,,,,
050297,,,,,,,,,,
050298,,,,,,,,,,
050299,,,,,,,,,,
050300,ＫＤＤＩ,ＫＤＤＩ,ＫＤＤＩ,ＫＤＤＩ,ＫＤＤＩ,ＫＤＤＩ,ＫＤＤＩ,ＫＤＤＩ,ＫＤＤＩ,ＫＤＤＩ
050301,ＫＤＤＩ,ＫＤＤＩ,ＫＤＤＩ,ＫＤＤＩ,ＫＤＤＩ,ＫＤＤＩ,ＫＤＤＩ,ＫＤＤＩ,ＫＤＤＩ,ＫＤＤＩ
050302,ＫＤＤＩ,ＫＤＤＩ,ＫＤＤＩ,ＫＤＤＩ,ＫＤＤＩ,ＫＤＤＩ,ＫＤＤＩ,ＫＤＤＩ,ＫＤＤＩ,ＫＤＤＩ
050303,ＫＤＤＩ,ＫＤＤＩ,ＫＤＤＩ,ＫＤＤＩ,ＫＤＤＩ,ＫＤＤＩ,ＫＤＤＩ,ＫＤＤＩ,ＫＤＤＩ,ＫＤＤＩ
050304,ＫＤＤＩ,ＫＤＤＩ,ＫＤＤＩ,ＫＤＤＩ,ＫＤＤＩ,ＫＤＤＩ,ＫＤＤＩ,ＫＤＤＩ,ＫＤＤＩ,ＫＤＤＩ
050305,ＫＤＤＩ,ＫＤＤＩ,ＫＤＤＩ,ＫＤＤＩ,ＫＤＤＩ,ＫＤＤＩ,ＫＤＤＩ,ＫＤＤＩ,ＫＤＤＩ,ＫＤＤＩ
050306,ＫＤＤＩ,ＫＤＤＩ,ＫＤＤＩ,ＫＤＤＩ,ＫＤＤＩ,ＫＤＤＩ,ＫＤＤＩ,ＫＤＤＩ,ＫＤＤＩ,ＫＤＤＩ
050307,ＫＤＤＩ,ＫＤＤＩ,ＫＤＤＩ,ＫＤＤＩ,ＫＤＤＩ,ＫＤＤＩ,ＫＤＤＩ,ＫＤＤＩ,ＫＤＤＩ,ＫＤＤＩ
050308,ＫＤＤＩ,ＫＤＤＩ,ＫＤＤＩ,ＫＤＤＩ,ＫＤＤＩ,ＫＤＤＩ,ＫＤＤＩ,ＫＤＤＩ,ＫＤＤＩ,ＫＤＤＩ
050309,ＫＤＤＩ,ＫＤＤＩ,ＫＤＤＩ,ＫＤＤＩ,ＫＤＤＩ,ＫＤＤＩ,ＫＤＤＩ,ＫＤＤＩ,ＫＤＤＩ,ＫＤＤＩ
050310,ＫＤＤＩ,ＫＤＤＩ,ＫＤＤＩ,ＫＤＤＩ,ＫＤＤＩ,ＫＤＤＩ,ＫＤＤＩ,ＫＤＤＩ,ＫＤＤＩ,ＫＤＤＩ
050311,ＫＤＤＩ,ＫＤＤＩ,ＫＤＤＩ,ＫＤＤＩ,ＫＤＤＩ,ＫＤＤＩ,ＫＤＤＩ,ＫＤＤＩ,ＫＤＤＩ,ＫＤＤＩ
050312,ＫＤＤＩ,ＫＤＤＩ,ＫＤＤＩ,ＫＤＤＩ,ＫＤＤＩ,ＫＤＤＩ,ＫＤＤＩ,ＫＤＤＩ,ＫＤＤＩ,ＫＤＤＩ
050313,ＫＤＤＩ,ＫＤＤＩ,ＫＤＤＩ,ＫＤＤＩ,ＫＤＤＩ,ＫＤＤＩ,ＫＤＤＩ,ＫＤＤＩ,ＫＤＤＩ,ＫＤＤＩ
050314,ＫＤＤＩ,ＫＤＤＩ,ＫＤＤＩ,ＫＤＤＩ,ＫＤＤＩ,ＫＤＤＩ,ＫＤＤＩ,ＫＤＤＩ,ＫＤＤＩ,ＫＤＤＩ
050315,ＫＤＤＩ,ＫＤＤＩ,ＫＤＤＩ,ＫＤＤＩ,ＫＤＤＩ,ＫＤＤＩ,ＫＤＤＩ,ＫＤＤＩ,ＫＤＤＩ,ＫＤＤＩ
050316,ＫＤＤＩ,ＫＤＤＩ,ＫＤＤＩ,ＫＤＤＩ,ＫＤＤＩ,ＫＤＤＩ,ＫＤＤＩ,ＫＤＤＩ,ＫＤＤＩ,ＫＤＤＩ
050317,ＫＤＤＩ,ＫＤＤＩ,ＫＤＤＩ,ＫＤＤＩ,ＫＤＤＩ,ＫＤＤＩ,ＫＤＤＩ,ＫＤＤＩ,ＫＤＤＩ,ＫＤＤＩ
050318,ＫＤＤＩ,ＫＤＤＩ,ＫＤＤＩ,ＫＤＤＩ,ＫＤＤＩ,ＫＤＤＩ,ＫＤＤＩ,ＫＤＤＩ,ＫＤＤＩ,ＫＤＤＩ
050319,ＫＤＤＩ,ＫＤＤＩ,ＫＤＤＩ,ＫＤＤＩ,ＫＤＤＩ,ＫＤＤＩ,ＫＤＤＩ,ＫＤＤＩ,ＫＤＤＩ,ＫＤＤＩ
050320,ＫＤＤＩ,ＫＤＤＩ,ＫＤＤＩ,ＫＤＤＩ,ＫＤＤＩ,ＫＤＤＩ,ＫＤＤＩ,ＫＤＤＩ,ＫＤＤＩ,ＫＤＤＩ
050321,ＫＤＤＩ,ＫＤＤＩ,ＫＤＤＩ,ＫＤＤＩ,ＫＤＤＩ,ＫＤＤＩ,ＫＤＤＩ,ＫＤＤＩ,ＫＤＤＩ,ＫＤＤＩ
050322,ＫＤＤＩ,ＫＤＤＩ,ＫＤＤＩ,ＫＤＤＩ,ＫＤＤＩ,ＫＤＤＩ,ＫＤＤＩ,ＫＤＤＩ,ＫＤＤＩ,ＫＤＤＩ
050323,ＫＤＤＩ,ＫＤＤＩ,ＫＤＤＩ,ＫＤＤＩ,ＫＤＤＩ,ＫＤＤＩ,ＫＤＤＩ,ＫＤＤＩ,ＫＤＤＩ,ＫＤＤＩ
050324,ＫＤＤＩ,ＫＤＤＩ,ＫＤＤＩ,ＫＤＤＩ,ＫＤＤＩ,ＫＤＤＩ,ＫＤＤＩ,ＫＤＤＩ,ＫＤＤＩ,ＫＤＤＩ
050325,ＫＤＤＩ,ＫＤＤＩ,,,,,,,,
050326,,,,,,,,,,
050327,,,,,,,,,,
050328,,,,,,,,,,
050329,,,,,,,,,,
050330,ＮＴＴコミュニケーションズ,ＮＴＴコミュニケーションズ,ＮＴＴコミュニケーションズ,ＮＴＴコミュニケーションズ,ＮＴＴコミュニケーションズ,ＮＴＴコミュニケーションズ,ＮＴＴコミュニケーションズ,ＮＴＴコミュニケーションズ,ＮＴＴコミュニケーションズ,ＮＴＴコミュニケーションズ
050331,ＮＴＴコミュニケーションズ,ＮＴＴコミュニケーションズ,ＮＴＴコミュニケーションズ,ＮＴＴコミュニケーションズ,ＮＴＴコミュニケーションズ,ＮＴＴコミュニケーションズ,ＮＴＴコミュニケーションズ,ＮＴＴコミュニケーションズ,ＮＴＴコミュニケーションズ,ＮＴＴコミュニケーションズ
050332,ＮＴＴコミュニケーションズ,ＮＴＴコミュニケーションズ,ＮＴＴコミュニケーションズ,ＮＴＴコミュニケーションズ,ＮＴＴコミュニケーションズ,ＮＴＴコミュニケーションズ,ＮＴＴコミュニケーションズ,ＮＴＴコミュニケーションズ,ＮＴＴコミュニケーションズ,ＮＴＴコミュニケーションズ
050333,ＮＴＴコミュニケーションズ,ＮＴＴコミュニケーションズ,ＮＴＴコミュニケーションズ,ＮＴＴコミュニケーションズ,ＮＴＴコミュニケーションズ,ＮＴＴコミュニケーションズ,ＮＴＴコミュニケーションズ,ＮＴＴコミュニケーションズ,ＮＴＴコミュニケーションズ,ＮＴＴコミュニケーションズ
050334,ＮＴＴコミュニケーションズ,ＮＴＴコミュニケーションズ,ＮＴＴコミュニケーションズ,ＮＴＴコミュニケーションズ,ＮＴＴコミュニケーションズ,ＮＴＴコミュニケーションズ,ＮＴＴコミュニケーションズ,ＮＴＴコミュニケーションズ,ＮＴＴコミュニケーションズ,ＮＴＴコミュニケーションズ
050335,ＮＴＴコミュニケーションズ,ＮＴＴコミュニケーションズ,ＮＴＴコミュニケーションズ,ＮＴＴコミュニケーションズ,ＮＴＴコミュニケーションズ,ＮＴＴコミュニケーションズ,ＮＴＴコミュニケーションズ,ＮＴＴコミュニケーションズ,ＮＴＴコミュニケーションズ,ＮＴＴコミュニケーションズ
050336,ＮＴＴコミュニケーションズ,ＮＴＴコミュニケーションズ,ＮＴＴコミュニケーションズ,ＮＴＴコミュニケーションズ,ＮＴＴコミュニケーションズ,ＮＴＴコミュニケーションズ,ＮＴＴコミュニケーションズ,ＮＴＴコミュニケーションズ,ＮＴＴコミュニケーションズ,ＮＴＴコミュニケーションズ
050337,ＮＴＴコミュニケーションズ,ＮＴＴコミュニケーションズ,ＮＴＴコミュニケーションズ,ＮＴＴコミュニケーションズ,ＮＴＴコミュニケーションズ,ＮＴＴコミュニケーションズ,ＮＴＴコミュニケーションズ,ＮＴＴコミュニケーションズ,ＮＴＴコミュニケーションズ,ＮＴＴコミュニケーションズ
050338,ＮＴＴコミュニケーションズ,ＮＴＴコミュニケーションズ,ＮＴＴコミュニケーションズ,ＮＴＴコミュニケーションズ,ＮＴＴコミュニケーションズ,ＮＴＴコミュニケーションズ,ＮＴＴコミュニケーションズ,ＮＴＴコミュニケーションズ,ＮＴＴコミュニケーションズ,ＮＴＴコミュニケーションズ
050339,ＮＴＴコミュニケーションズ,ＮＴＴコミュニケーションズ,ＮＴＴコミュニケーションズ,ＮＴＴコミュニケーションズ,ＮＴＴコミュニケーションズ,ＮＴＴコミュニケーションズ,ＮＴＴコミュニケーションズ,ＮＴＴコミュニケーションズ,ＮＴＴコミュニケーションズ,ＮＴＴコミュニケーションズ
050340,ＮＴＴコミュニケーションズ,ＮＴＴコミュニケーションズ,ＮＴＴコミュニケーションズ,ＮＴＴコミュニケーションズ,ＮＴＴコミュニケーションズ,ＮＴＴコミュニケーションズ,ＮＴＴコミュニケーションズ,ＮＴＴコミュニケーションズ,ＮＴＴコミュニケーションズ,ＮＴＴコミュニケーションズ
050341,ＮＴＴコミュニケーションズ,ＮＴＴコミュニケーションズ,ＮＴＴコミュニケーションズ,ＮＴＴコミュニケーションズ,ＮＴＴコミュニケーションズ,ＮＴＴコミュニケーションズ,ＮＴＴコミュニケーションズ,ＮＴＴコミュニケーションズ,ＮＴＴコミュニケーションズ,ＮＴＴコミュニケーションズ
050342,ＮＴＴコミュニケーションズ,ＮＴＴコミュニケーションズ,ＮＴＴコミュニケーションズ,ＮＴＴコミュニケーションズ,ＮＴＴコミュニケーションズ,ＮＴＴコミュニケーションズ,ＮＴＴコミュニケーションズ,ＮＴＴコミュニケーションズ,ＮＴＴコミュニケーションズ,ＮＴＴコミュニケーションズ
050343,ＮＴＴコミュニケーションズ,ＮＴＴコミュニケーションズ,ＮＴＴコミュニケーションズ,ＮＴＴコミュニケーションズ,ＮＴＴコミュニケーションズ,ＮＴＴコミュニケーションズ,ＮＴＴコミュニケーションズ,ＮＴＴコミュニケーションズ,ＮＴＴコミュニケーションズ,ＮＴＴコミュニケーションズ
050344,ＮＴＴコミュニケーションズ,ＮＴＴコミュニケーションズ,ＮＴＴコミュニケーションズ,ＮＴＴコミュニケーションズ,ＮＴＴコミュニケーションズ,ＮＴＴコミュニケーションズ,ＮＴＴコミュニケーションズ,ＮＴＴコミュニケーションズ,ＮＴＴコミュニケーションズ,ＮＴＴコミュニケーションズ
050345,ＮＴＴコミュニケーションズ,ＮＴＴコミュニケーションズ,ＮＴＴコミュニケーションズ,ＮＴＴコミュニケーションズ,ＮＴＴコミュニケーションズ,ＮＴＴコミュニケーションズ,ＮＴＴコミュニケーションズ,ＮＴＴコミュニケーションズ,ＮＴＴコミュニケーションズ,ＮＴＴコミュニケーションズ
050346,ＮＴＴコミュニケーションズ,ＮＴＴコミュニケーションズ,ＮＴＴコミュニケーションズ,ＮＴＴコミュニケーションズ,ＮＴＴコミュニケーションズ,ＮＴＴコミュニケーションズ,ＮＴＴコミュニケーションズ,ＮＴＴコミュニケーションズ,ＮＴＴコミュニケーションズ,ＮＴＴコミュニケーションズ
050347,ＮＴＴコミュニケーションズ,ＮＴＴコミュニケーションズ,ＮＴＴコミュニケーションズ,ＮＴＴコミュニケーションズ,ＮＴＴコミュニケーションズ,ＮＴＴコミュニケーションズ,ＮＴＴコミュニケーションズ,ＮＴＴコミュニケーションズ,ＮＴＴコミュニケーションズ,ＮＴＴコミュニケーションズ
050348,ＮＴＴコミュニケーションズ,ＮＴＴコミュニケーションズ,ＮＴＴコミュニケーションズ,ＮＴＴコミュニケーションズ,ＮＴＴコミュニケーションズ,ＮＴＴコミュニケーションズ,ＮＴＴコミュニケーションズ,ＮＴＴコミュニケーションズ,ＮＴＴコミュニケーションズ,ＮＴＴコミュニケーションズ
050349,ＮＴＴコミュニケーションズ,ＮＴＴコミュニケーションズ,ＮＴＴコミュニケーションズ,ＮＴＴコミュニケーションズ,ＮＴＴコミュニケーションズ,ＮＴＴコミュニケーションズ,ＮＴＴコミュニケーションズ,ＮＴＴコミュニケーションズ,ＮＴＴコミュニケーションズ,ＮＴＴコミュニケーションズ
050350,ＮＴＴコミュニケーションズ,ＮＴＴコミュニケーションズ,ＮＴＴコミュニケーションズ,ＮＴＴコミュニケーションズ,ＮＴＴコミュニケーションズ,ＮＴＴコミュニケーションズ,ＮＴＴコミュニケーションズ,ＮＴＴコミュニケーションズ,ＮＴＴコミュニケーションズ,ＮＴＴコミュニケーションズ
050351,ＮＴＴコミュニケーションズ,ＮＴＴコミュニケーションズ,ＮＴＴコミュニケーションズ,ＮＴＴコミュニケーションズ,ＮＴＴコミュニケーションズ,ＮＴＴコミュニケーションズ,ＮＴＴコミュニケーションズ,ＮＴＴコミュニケーションズ,ＮＴＴコミュニケーションズ,ＮＴＴコミュニケーションズ
050352,ＮＴＴコミュニケーションズ,ＮＴＴコミュニケーションズ,ＮＴＴコミュニケーションズ,ＮＴＴコミュニケーションズ,ＮＴＴコミュニケーションズ,ＮＴＴコミュニケーションズ,ＮＴＴコミュニケーションズ,ＮＴＴコミュニケーションズ,ＮＴＴコミュニケーションズ,ＮＴＴコミュニケーションズ
050353,ＮＴＴコミュニケーションズ,ＮＴＴコミュニケーションズ,ＮＴＴコミュニケーションズ,ＮＴＴコミュニケーションズ,ＮＴＴコミュニケーションズ,ＮＴＴコミュニケーションズ,ＮＴＴコミュニケーションズ,ＮＴＴコミュニケーションズ,ＮＴＴコミュニケーションズ,ＮＴＴコミュニケーションズ
050354,ＮＴＴコミュニケーションズ,ＮＴＴコミュニケーションズ,ＮＴＴコミュニケーションズ,ＮＴＴコミュニケーションズ,ＮＴＴコミュニケーションズ,ＮＴＴコミュニケーションズ,ＮＴＴコミュニケーションズ,ＮＴＴコミュニケーションズ,ＮＴＴコミュニケーションズ,ＮＴＴコミュニケーションズ
050355,ＮＴＴコミュニケーションズ,ＮＴＴコミュニケーションズ,ＮＴＴコミュニケーションズ,ＮＴＴコミュニケーションズ,ＮＴＴコミュニケーションズ,ＮＴＴコミュニケーションズ,ＮＴＴコミュニケーションズ,ＮＴＴコミュニケーションズ,ＮＴＴコミュニケーションズ,ＮＴＴコミュニケーションズ
050356,ＮＴＴコミュニケーションズ,ＮＴＴコミュニケーションズ,ＮＴＴコミュニケーションズ,ＮＴＴコミュニケーションズ,ＮＴＴコミュニケーションズ,ＮＴＴコミュニケーションズ,ＮＴＴコミュニケーションズ,ＮＴＴコミュニケーションズ,ＮＴＴコミュニケーションズ,ＮＴＴコミュニケーションズ
050357,ＮＴＴコミュニケーションズ,ＮＴＴコミュニケーションズ,ＮＴＴコミュニケーションズ,ＮＴＴコミュニケーションズ,ＮＴＴコミュニケーションズ,ＮＴＴコミュニケーションズ,ＮＴＴコミュニケーションズ,ＮＴＴコミュニケーションズ,ＮＴＴコミュニケーションズ,ＮＴＴコミュニケーションズ
050358,ＮＴＴコミュニケーションズ,ＮＴＴコミュニケーションズ,ＮＴＴコミュニケーションズ,ＮＴＴコミュニケーションズ,ＮＴＴコミュニケーションズ,ＮＴＴコミュニケーションズ,ＮＴＴコミュニケーションズ,ＮＴＴコミュニケーションズ,ＮＴＴコミュニケーションズ,ＮＴＴコミュニケーションズ
050359,ＮＴＴコミュニケーションズ,ＮＴＴコミュニケーションズ,ＮＴＴコミュニケーションズ,ＮＴＴコミュニケーションズ,ＮＴＴコミュニケーションズ,ＮＴＴコミュニケーションズ,ＮＴＴコミュニケーションズ,ＮＴＴコミュニケーションズ,ＮＴＴコミュニケーションズ,ＮＴＴコミュニケーションズ
050360,ＮＴＴコミュニケーションズ,ＮＴＴコミュニケーションズ,ＮＴＴコミュニケーションズ,ＮＴＴコミュニケーションズ,ＮＴＴコミュニケーションズ,ＮＴＴコミュニケーションズ,ＮＴＴコミュニケーションズ,ＮＴＴコミュニケーションズ,ＮＴＴコミュニケーションズ,ＮＴＴコミュニケーションズ
050361,ＮＴＴコミュニケーションズ,ＮＴＴコミュニケーションズ,ＮＴＴコミュニケーションズ,ＮＴＴコミュニケーションズ,ＮＴＴコミュニケーションズ,ＮＴＴコミュニケーションズ,ＮＴＴコミュニケーションズ,ＮＴＴコミュニケーションズ,ＮＴＴコミュニケーションズ,ＮＴＴコミュニケーションズ
050362,ＮＴＴコミュニケーションズ,ＮＴＴコミュニケーションズ,ＮＴＴコミュニケーションズ,ＮＴＴコミュニケーションズ,ＮＴＴコミュニケーションズ,ＮＴＴコミュニケーションズ,ＮＴＴコミュニケーションズ,ＮＴＴコミュニケーションズ,ＮＴＴコミュニケーションズ,ＮＴＴコミュニケーションズ
050363,ＮＴＴコミュニケーションズ,ＮＴＴコミュニケーションズ,ＮＴＴコミュニケーションズ,ＮＴＴコミュニケーションズ,ＮＴＴコミュニケーションズ,ＮＴＴコミュニケーションズ,ＮＴＴコミュニケーションズ,ＮＴＴコミュニケーションズ,ＮＴＴコミュニケーションズ,ＮＴＴコミュニケーションズ
050364,ＮＴＴコミュニケーションズ,ＮＴＴコミュニケーションズ,ＮＴＴコミュニケーションズ,ＮＴＴコミュニケーションズ,ＮＴＴコミュニケーションズ,ＮＴＴコミュニケーションズ,ＮＴＴコミュニケーションズ,ＮＴＴコミュニケーションズ,ＮＴＴコミュニケーションズ,ＮＴＴコミュニケーションズ
050365,ＮＴＴコミュニケーションズ,ＮＴＴコミュニケーションズ,ＮＴＴコミュニケーションズ,ＮＴＴコミュニケーションズ,ＮＴＴコミュニケーションズ,ＮＴＴコミュニケーションズ,ＮＴＴコミュニケーションズ,ＮＴＴコミュニケーションズ,ＮＴＴコミュニケーションズ,ＮＴＴコミュニケーションズ
050366,ＮＴＴコミュニケーションズ,ＮＴＴコミュニケーションズ,ＮＴＴコミュニケーションズ,ＮＴＴコミュニケーションズ,ＮＴＴコミュニケーションズ,ＮＴＴコミュニケーションズ,ＮＴＴコミュニケーションズ,ＮＴＴコミュニケーションズ,ＮＴＴコミュニケーションズ,ＮＴＴコミュニケーションズ
050367,ＮＴＴコミュニケーションズ,ＮＴＴコミュニケーションズ,ＮＴＴコミュニケーションズ,ＮＴＴコミュニケーションズ,ＮＴＴコミュニケーションズ,ＮＴＴコミュニケーションズ,ＮＴＴコミュニケーションズ,ＮＴＴコミュニケーションズ,ＮＴＴコミュニケーションズ,ＮＴＴコミュニケーションズ
050368,ＮＴＴコミュニケーションズ,ＮＴＴコミュニケーションズ,ＮＴＴコミュニケーションズ,ＮＴＴコミュニケーションズ,ＮＴＴコミュニケーションズ,ＮＴＴコミュニケーションズ,ＮＴＴコミュニケーションズ,ＮＴＴコミュニケーションズ,ＮＴＴコミュニケーションズ,ＮＴＴコミュニケーションズ
050369,ＮＴＴコミュニケーションズ,ＮＴＴコミュニケーションズ,ＮＴＴコミュニケーションズ,ＮＴＴコミュニケーションズ,ＮＴＴコミュニケーションズ,ＮＴＴコミュニケーションズ,ＮＴＴコミュニケーションズ,ＮＴＴコミュニケーションズ,ＮＴＴコミュニケーションズ,ＮＴＴコミュニケーションズ
050370,ＮＴＴコミュニケーションズ,ＮＴＴコミュニケーションズ,ＮＴＴコミュニケーションズ,ＮＴＴコミュニケーションズ,ＮＴＴコミュニケーションズ,ＮＴＴコミュニケーションズ,ＮＴＴコミュニケーションズ,ＮＴＴコミュニケーションズ,ＮＴＴコミュニケーションズ,ＮＴＴコミュニケーションズ
050371,ＮＴＴコミュニケーションズ,ＮＴＴコミュニケーションズ,ＮＴＴコミュニケーションズ,ＮＴＴコミュニケーションズ,ＮＴＴコミュニケーションズ,ＮＴＴコミュニケーションズ,ＮＴＴコミュニケーションズ,ＮＴＴコミュニケーションズ,ＮＴＴコミュニケーションズ,ＮＴＴコミュニケーションズ
050372,ＮＴＴコミュニケーションズ,ＮＴＴコミュニケーションズ,ＮＴＴコミュニケーションズ,ＮＴＴコミュニケーションズ,ＮＴＴコミュニケーションズ,ＮＴＴコミュニケーションズ,ＮＴＴコミュニケーションズ,ＮＴＴコミュニケーションズ,ＮＴＴコミュニケーションズ,ＮＴＴコミュニケーションズ
050373,ＮＴＴコミュニケーションズ,ＮＴＴコミュニケーションズ,ＮＴＴコミュニケーションズ,ＮＴＴコミュニケーションズ,ＮＴＴコミュニケーションズ,ＮＴＴコミュニケーションズ,ＮＴＴコミュニケーションズ,ＮＴＴコミュニケーションズ,ＮＴＴコミュニケーションズ,ＮＴＴコミュニケーションズ
050374,ＮＴＴコミュニケーションズ,ＮＴＴコミュニケーションズ,ＮＴＴコミュニケーションズ,ＮＴＴコミュニケーションズ,ＮＴＴコミュニケーションズ,ＮＴＴコミュニケーションズ,ＮＴＴコミュニケーションズ,ＮＴＴコミュニケーションズ,ＮＴＴコミュニケーションズ,ＮＴＴコミュニケーションズ
050375,ＮＴＴコミュニケーションズ,ＮＴＴコミュニケーションズ,ＮＴＴコミュニケーションズ,ＮＴＴコミュニケーションズ,ＮＴＴコミュニケーションズ,ＮＴＴコミュニケーションズ,ＮＴＴコミュニケーションズ,ＮＴＴコミュニケーションズ,ＮＴＴコミュニケーションズ,ＮＴＴコミュニケーションズ
050376,ＮＴＴコミュニケーションズ,ＮＴＴコミュニケーションズ,ＮＴＴコミュニケーションズ,ＮＴＴコミュニケーションズ,ＮＴＴコミュニケーションズ,ＮＴＴコミュニケーションズ,ＮＴＴコミュニケーションズ,ＮＴＴコミュニケーションズ,ＮＴＴコミュニケーションズ,ＮＴＴコミュニケーションズ
050377,ＮＴＴコミュニケーションズ,ＮＴＴコミュニケーションズ,ＮＴＴコミュニケーションズ,ＮＴＴコミュニケーションズ,ＮＴＴコミュニケーションズ,ＮＴＴコミュニケーションズ,ＮＴＴコミュニケーションズ,ＮＴＴコミュニケーションズ,ＮＴＴコミュニケーションズ,ＮＴＴコミュニケーションズ
050378,ＮＴＴコミュニケーションズ,ＮＴＴコミュニケーションズ,ＮＴＴコミュニケーションズ,ＮＴＴコミュニケーションズ,ＮＴＴコミュニケーションズ,ＮＴＴコミュニケーションズ,ＮＴＴコミュニケーションズ,ＮＴＴコミュニケーションズ,ＮＴＴコミュニケーションズ,ＮＴＴコミュニケーションズ
050379,ＮＴＴコミュニケーションズ,ＮＴＴコミュニケーションズ,ＮＴＴコミュニケーションズ,ＮＴＴコミュニケーションズ,ＮＴＴコミュニケーションズ,ＮＴＴコミュニケーションズ,ＮＴＴコミュニケーションズ,ＮＴＴコミュニケーションズ,ＮＴＴコミュニケーションズ,ＮＴＴコミュニケーションズ
050380,ＮＴＴコミュニケーションズ,ＮＴＴコミュニケーションズ,ＮＴＴコミュニケーションズ,ＮＴＴコミュニケーションズ,ＮＴＴコミュニケーションズ,ＮＴＴコミュニケーションズ,ＮＴＴコミュニケーションズ,ＮＴＴコミュニケーションズ,ＮＴＴコミュニケーションズ,ＮＴＴコミュニケーションズ
050381,ＮＴＴコミュニケーションズ,ＮＴＴコミュニケーションズ,ＮＴＴコミュニケーションズ,ＮＴＴコミュニケーションズ,ＮＴＴコミュニケーションズ,ＮＴＴコミュニケーションズ,ＮＴＴコミュニケーションズ,ＮＴＴコミュニケーションズ,ＮＴＴコミュニケーションズ,ＮＴＴコミュニケーションズ
050382,ＮＴＴコミュニケーションズ,ＮＴＴコミュニケーションズ,ＮＴＴコミュニケーションズ,ＮＴＴコミュニケーションズ,ＮＴＴコミュニケーションズ,ＮＴＴコミュニケーションズ,ＮＴＴコミュニケーションズ,ＮＴＴコミュニケーションズ,ＮＴＴコミュニケーションズ,ＮＴＴコミュニケーションズ
050383,ＮＴＴコミュニケーションズ,ＮＴＴコミュニケーションズ,ＮＴＴコミュニケーションズ,ＮＴＴコミュニケーションズ,ＮＴＴコミュニケーションズ,ＮＴＴコミュニケーションズ,ＮＴＴコミュニケーションズ,ＮＴＴコミュニケーションズ,ＮＴＴコミュニケーションズ,ＮＴＴコミュニケーションズ
050384,ＮＴＴコミュニケーションズ,ＮＴＴコミュニケーションズ,ＮＴＴコミュニケーションズ,ＮＴＴコミュニケーションズ,ＮＴＴコミュニケーションズ,ＮＴＴコミュニケーションズ,ＮＴＴコミュニケーションズ,ＮＴＴコミュニケーションズ,ＮＴＴコミュニケーションズ,ＮＴＴコミュニケーションズ
050385,,,,,,,,,,
050386,,,,,,,,,,
050387,,,,,,,,,,
050388,,,,,,,,,,
050389,,,,,,,,,,
050390,ＮＴＴコミュニケーションズ,ＮＴＴコミュニケーションズ,,,,,,,,
050391,,,,,,,,,,
050392,,,,,,,,,,
050393,,,,,,,,,,
050394,,,,,,,,,,
050395,,,,,,,,,,
050396,,,,,,,,,,
050397,,,,,,,,,,
050398,,,,,,,,,,
050399,,,,,,,,,,
050400,,,,,,,,,,
050401,,,,,,,,,,
050402,,,,,,,,,,
050403,,,,,,,,,,
050404,,,,,,,,,,
050405,,,,,,,,,,
050406,,,,,,,,,,
050407,,,,,,,,,,
050408,,,,,,,,,,
050409,,,,,,,,,,
050410,,,,,,,,,,
050411,,,,,,,,,,
050412,,,,,,,,,,
050413,,,,,,,,,,
050414,,,,,,,,,,
050415,,,,,,,,,,
050416,,,,,,,,,,
050417,,,,,,,,,,
050418,,,,,,,,,,
050419,,,,,,,,,,
050420,,,,,,,,,,
050421,,,,,,,,,,
050422,,,,,,,,,,
050423,,,,,,,,,,
050424,,,,,,,,,,
050425,,,,,,,,,,
050426,,,,,,,,,,
050427,,,,,,,,,,
050428,,,,,,,,,,
050429,,,,,,,,,,
050430,,,,,,,,,,
050431,,,,,,,,,,
050432,,,,,,,,,,
050433,,,,,,,,,,
050434,,,,,,,,,,
050435,,,,,,,,,,
050436,,,,,,,,,,
050437,,,,,,,,,,
050438,,,,,,,,,,
050439,,,,,,,,,,
050440,,,,,,,,,,
050441,,,,,,,,,,
050442,,,,,,,,,,
050443,,,,,,,,,,
050444,,,,,,,,,,
050445,,,,,,,,,,
050446,,,,,,,,,,
050447,,,,,,,,,,
050448,,,,,,,,,,
050449,,,,,,,,,,
050450,,,,,,,,,,
050451,,,,,,,,,,
050452,,,,,,,,,,
050453,,,,,,,,,,
050454,,,,,,,,,,
050455,,,,,,,,,,
050456,,,,,,,,,,
050457,,,,,,,,,,
050458,,,,,,,,,,
050459,,,,,,,,,,
050460,,,,,,,,,,
050461,,,,,,,,,,
050462,,,,,,,,,,
050463,,,,,,,,,,
050464,,,,,,,,,,
050465,,,,,,,,,,
050466,,,,,,,,,,
050467,,,,,,,,,,
050468,,,,,,,,,,
050469,,,,,,,,,,
050470,,,,,,,,,,
050471,,,,,,,,,,
050472,,,,,,,,,,
050473,,,,,,,,,,
050474,,,,,,,,,,
050475,,,,,,,,,,
050476,,,,,,,,,,
050477,,,,,,,,,,
050478,,,,,,,,,,
050479,,,,,,,,,,
050480,,,,,,,,,,
050481,,,,,,,,,,
050482,,,,,,,,,,
050483,,,,,,,,,,
050484,,,,,,,,,,
050485,,,,,,,,,,
050486,,,,,,,,,,
050487,,,,,,,,,,
050488,,,,,,,,,,
050489,,,,,,,,,,
050490,,,,,,,,,,
050491,,,,,,,,,,
050492,,,,,,,,,,
050493,,,,,,,,,,
050494,,,,,,,,,,
050495,,,,,,,,,,
050496,,,,,,,,,,
050497,,,,,,,,,,
050498,,,,,,,,,,
050499,,,,,,,,,,
050500,アイテック阪急阪神,アイテック阪急阪神,アイテック阪急阪神,アイテック阪急阪神,アイテック阪急阪神,アイテック阪急阪神,アイテック阪急阪神,アイテック阪急阪神,アイテック阪急阪神,アイテック阪急阪神
050501,,,,,,,,,,
050502,,,,,,,,,,
050503,,,,,,,,,,
050504,,,,,,,,,,
050505,,,,,,,,,,
050506,,,,,,,,,,
050507,,,,,,,,,,
050508,,,,,,,,,,
050509,,,,,,,,,,
050510,,,,,,,,,,
050511,,,,,,,,,,
050512,,,,,,,,,,
050513,,,,,,,,,,
050514,,,,,,,,,,
050515,,,,,,,,,,
050516,,,,,,,,,,
050517,,,,,,,,,,
050518,,,,,,,,,,
050519,,,,,,,,,,
050520,ＫＤＤＩ,ＫＤＤＩ,ＫＤＤＩ,ＫＤＤＩ,ＫＤＤＩ,ＫＤＤＩ,ＫＤＤＩ,ＫＤＤＩ,ＫＤＤＩ,ＫＤＤＩ
050521,,,,,,,,,,
050522,,,,,,,,,,
050523,,,,,,,,,,
050524,,,,,,,,,,
050525,,,,,,,,,,
050526,,,,,,,,,,
050527,,,,,,,,,,
050528,,,,,,,,,,
050529,,,,,,,,,,
050530,,,,,,,,,,
050531,,,,,,,,,,
050532,,,,,,,,,,
050533,,,,,,,,,,
050534,,,,,,,,,,
050535,,,,,,,,,,
050536,,,,,,,,,,
050537,,,,,,,,,,
050538,,,,,,,,,,
050539,,,,,,,,,,
050540,,,,,,,,,,
050541,,,,,,,,,,
050542,,,,,,,,,,
050543,,,,,,,,,,
050544,,,,,,,,,,
050545,,,,,,,,,,
050546,,,,,,,,,,
050547,,,,,,,,,,
050548,,,,,,,,,,
050549,,,,,,,,,,
050550,フュージョンコミュニケーションズ,フュージョンコミュニケーションズ,フュージョンコミュニケーションズ,フュージョンコミュニケーションズ,フュージョンコミュニケーションズ,フュージョンコミュニケーションズ,フュージョンコミュニケーションズ,フュージョンコミュニケーションズ,フュージョンコミュニケーションズ,フュージョンコミュニケーションズ
050551,フュージョンコミュニケーションズ,フュージョンコミュニケーションズ,フュージョンコミュニケーションズ,フュージョンコミュニケーションズ,フュージョンコミュニケーションズ,フュージョンコミュニケーションズ,フュージョンコミュニケーションズ,フュージョンコミュニケーションズ,フュージョンコミュニケーションズ,フュージョンコミュニケーションズ
050552,フュージョンコミュニケーションズ,フュージョンコミュニケーションズ,フュージョンコミュニケーションズ,フュージョンコミュニケーションズ,フュージョンコミュニケーションズ,フュージョンコミュニケーションズ,フュージョンコミュニケーションズ,フュージョンコミュニケーションズ,フュージョンコミュニケーションズ,フュージョンコミュニケーションズ
050553,フュージョンコミュニケーションズ,フュージョンコミュニケーションズ,フュージョンコミュニケーションズ,フュージョンコミュニケーションズ,フュージョンコミュニケーションズ,フュージョンコミュニケーションズ,フュージョンコミュニケーションズ,フュージョンコミュニケーションズ,フュージョンコミュニケーションズ,フュージョンコミュニケーションズ
050554,ＮＴＴ−ＭＥ,ＮＴＴ−ＭＥ,ＮＴＴ−ＭＥ,ＮＴＴ−ＭＥ,ＮＴＴ−ＭＥ,ＮＴＴ−ＭＥ,ＮＴＴ−ＭＥ,ＮＴＴ−ＭＥ,ＮＴＴ−ＭＥ,ＮＴＴ−ＭＥ
050555,ＮＴＴ−ＭＥ,ＮＴＴ−ＭＥ,ＮＴＴ−ＭＥ,ＮＴＴ−ＭＥ,ＮＴＴ−ＭＥ,ＮＴＴ−ＭＥ,ＮＴＴ−ＭＥ,ＮＴＴ−ＭＥ,ＮＴＴ−ＭＥ,ＮＴＴ−ＭＥ
050556,ＮＴＴ−ＭＥ,ＮＴＴ−ＭＥ,ＮＴＴ−ＭＥ,ＮＴＴ−ＭＥ,ＮＴＴ−ＭＥ,ＮＴＴ−ＭＥ,ＮＴＴ−ＭＥ,ＮＴＴ−ＭＥ,ＮＴＴ−ＭＥ,ＮＴＴ−ＭＥ
050557,,,,,,,,,,
050558,,,,,,,,,,
050559,,,,,,,,,,
050560,,,,,,,,,,
050561,,,,,,,,,,
050562,,,,,,,,,,
050563,,,,,,,,,,
050564,,,,,,,,,,
050565,,,,,,,,,,
050566,,,,,,,,,,
050567,,,,,,,,,,
050568,,,,,,,,,,
050569,,,,,,,,,,
050570,,,,,,,,,,
050571,,,,,,,,,,
050572,,,,,,,,,,
050573,,,,,,,,,,
050574,,,,,,,,,,
050575,,,,,,,,,,
050576,,,,,,,,,,
050577,,,,,,,,,,
050578,,,,,,,,フュージョンコミュニケーションズ,フュージョンコミュニケーションズ,フュージョンコミュニケーションズ
050579,フュージョンコミュニケーションズ,フュージョンコミュニケーションズ,フュージョンコミュニケーションズ,フュージョンコミュニケーションズ,フュージョンコミュニケーションズ,フュージョンコミュニケーションズ,フュージョンコミュニケーションズ,フュージョンコミュニケーションズ,フュージョンコミュニケーションズ,フュージョンコミュニケーションズ
050580,フュージョンコミュニケーションズ,フュージョンコミュニケーションズ,フュージョンコミュニケーションズ,フュージョンコミュニケーションズ,フュージョンコミュニケーションズ,フュージョンコミュニケーションズ,フュージョンコミュニケーションズ,フュージョンコミュニケーションズ,フュージョンコミュニケーションズ,フュージョンコミュニケーションズ
050581,フュージョンコミュニケーションズ,フュージョンコミュニケーションズ,フュージョンコミュニケーションズ,フュージョンコミュニケーションズ,フュージョンコミュニケーションズ,フュージョンコミュニケーションズ,フュージョンコミュニケーションズ,フュージョンコミュニケーションズ,フュージョンコミュニケーションズ,フュージョンコミュニケーションズ
050582,フュージョンコミュニケーションズ,フュージョンコミュニケーションズ,フュージョンコミュニケーションズ,フュージョンコミュニケーションズ,フュージョンコミュニケーションズ,フュージョンコミュニケーションズ,フュージョンコミュニケーションズ,フュージョンコミュニケーションズ,フュージョンコミュニケーションズ,フュージョンコミュニケーションズ
050583,フュージョンコミュニケーションズ,フュージョンコミュニケーションズ,フュージョンコミュニケーションズ,フュージョンコミュニケーションズ,フュージョンコミュニケーションズ,フュージョンコミュニケーションズ,フュージョンコミュニケーションズ,フュージョンコミュニケーションズ,フュージョンコミュニケーションズ,フュージョンコミュニケーションズ
050584,フュージョンコミュニケーションズ,フュージョンコミュニケーションズ,フュージョンコミュニケーションズ,フュージョンコミュニケーションズ,フュージョンコミュニケーションズ,フュージョンコミュニケーションズ,フュージョンコミュニケーションズ,フュージョンコミュニケーションズ,フュージョンコミュニケーションズ,フュージョンコミュニケーションズ
050585,フュージョンコミュニケーションズ,フュージョンコミュニケーションズ,フュージョンコミュニケーションズ,フュージョンコミュニケーションズ,フュージョンコミュニケーションズ,フュージョンコミュニケーションズ,フュージョンコミュニケーションズ,フュージョンコミュニケーションズ,フュージョンコミュニケーションズ,フュージョンコミュニケーションズ
050586,,,,,,,,,,
050587,,,,,,,,,,
050588,,,,,,,,,,
050589,,,,,,,,,,
050590,,,,,,,,,,
050591,,,,,,,,,,
050592,,,,,,,,,,
050593,,,,,,,,,,
050594,,,,,,,,,,
050595,,,,,,,,,,
050596,,,,,,,,,,
050597,,,,,,,,,,
050598,,,,,,,,,,
050599,,,,,,,,,,
050600,ＫＤＤＩ,,,,,,,,,
050601,,,,,,,,,,
050602,,,,,,,,,,
050603,,,,,,,,,,
050604,,,,,,,,,,
050605,,,,,,,,,,
050606,,,,,,,,,,
050607,,,,,,,,,,
050608,,,,,,,,,,
050609,,,,,,,,,,
050610,日本通信株式会社,,,,,,,,,
050611,,,,,,,,,,
050612,,,,,,,,,,
050613,,,,,,,,,,
050614,,,,,,,,,,
050615,,,,,,,,,,
050616,,,,,,,,,,
050617,,,,,,,,,,
050618,,,,,,,,,,
050619,,,,,,,,,,
050620,,,,,,,,,,
050621,,,,,,,,,,
050622,,,,,,,,,,
050623,,,,,,,,,,
050624,,,,,,,,,,
050625,,,,,,,,,,
050626,,,,,,,,,,
050627,,,,,,,,,,
050628,,,,,,,,,,
050629,,,,,,,,,,
050630,,,,,,,,,,
050631,,,,,,,,,,
050632,,,,,,,,,,
050633,,,,,,,,,,
050634,,,,,,,,,,
050635,,,,,,,,,,
050636,,,,,,,,,,
050637,,,,,,,,,,
050638,,,,,,,,,,
050639,,,,,,,,,,
050640,,,,,,,,,,
050641,,,,,,,,,,
050642,,,,,,,,,,
050643,,,,,,,,,,
050644,,,,,,,,,,
050645,,,,,,,,,,
050646,,,,,,,,,,
050647,,,,,,,,,,
050648,,,,,,,,,,
050649,,,,,,,,,,
050650,,,,,,,,,,
050651,,,,,,,,,,
050652,,,,,,,,,,
050653,,,,,,,,,,
050654,,,,,,,,,,
050655,,,,,,,,,,
050656,,,,,,,,,,
050657,,,,,,,,,,
050658,,,,,,,,,,
050659,,,,,,,,,,
050660,,,,,,,,,,
050661,,,,,,,,,,九州通信ネットワーク
050662,九州通信ネットワーク,九州通信ネットワーク,九州通信ネットワーク,,,,,,,
050663,,,,,,,,,,
050664,,,,,,,,,,
050665,,,,,,,,,,
050666,,,,,,,,,,
050667,,,,,,,,,,
050668,,,,,,,,,,
050669,,,,,,,,,,
050670,,,,,,,,,,
050671,,,,,,,,,,
050672,,,,,,,,,,
050673,,,,,,,,,,
050674,,,,,,,,,,
050675,,,,,,,,,,
050676,,,,,,,,,,
050677,,,,,,,,,,
050678,,,,,,,,,,
050679,,,,,,,,,,
050680,,,,,,,,,,
050681,,,,,,,,,,
050682,,,,,,,,,,
050683,,,,,,,,,,
050684,,,,,,,,,,
050685,,,,,,,,,,
050686,ＺＩＰ　Ｔｅｌｅｃｏｍ,ＺＩＰ　Ｔｅｌｅｃｏｍ,ＺＩＰ　Ｔｅｌｅｃｏｍ,ＺＩＰ　Ｔｅｌｅｃｏｍ,ＺＩＰ　Ｔｅｌｅｃｏｍ,ＺＩＰ　Ｔｅｌｅｃｏｍ,ＺＩＰ　Ｔｅｌｅｃｏｍ,ＺＩＰ　Ｔｅｌｅｃｏｍ,ＺＩＰ　Ｔｅｌｅｃｏｍ,
050687,,,,,,,,,,
050688,,,,,,,,,,
050689,,,,,,,,,,
050690,,,,,,,,,,
050691,,,,,,,,,,
050692,,,,,,,,,,
050693,,,,,,,,,,
050694,,,,,,,,,,
050695,,,,,,,,,,
050696,,,,,,,,,,
050697,,,,,,,,,,
050698,,,,,,,,,,
050699,,,,,,,,,,
050700,ＫＤＤＩ,ＫＤＤＩ,,,,,,,,
050701,,,,,,,,,,
050702,,,,,,,,,,
050703,,,,,,,,,,
050704,,,,,,,,,,
050705,,,,,,,,,,
050706,,,,,,,,,,
050707,,,,,,,,,,
050708,,,,,,,,,,
050709,,,,,,,,,,
050710,ケイ・オプティコム,ケイ・オプティコム,ケイ・オプティコム,ケイ・オプティコム,ケイ・オプティコム,ケイ・オプティコム,ケイ・オプティコム,ケイ・オプティコム,ケイ・オプティコム,ケイ・オプティコム
050711,ケイ・オプティコム,ケイ・オプティコム,ケイ・オプティコム,ケイ・オプティコム,,,,,,
050712,,,,,,,,,,
050713,,,,,,,,,,
050714,,,,,,,,,,
050715,,,,,,,,,,
050716,,,,,,,,,,
050717,,,,,,,,,,
050718,,,,,,,,,,
050719,,,,,,,,,,
050720,,,,,,,,,,
050721,,,,,,,,,,
050722,,,,,,,,,,
050723,,,,,,,,,,
050724,,,,,,,,,,
050725,,,,,,,,,,
050726,,,,,,,,,,
050727,,,,,,,,,,
050728,,,,,,,,,,
050729,,,,,,,,,,
050730,フリービット,フリービット,フリービット,フリービット,,,,,,
050731,,,,,,,,,,
050732,,,,,,,,,,
050733,,,,,,,,,,
050734,,,,,,,,,,
050735,,,,,,,,,,
050736,,,,,,,,,,
050737,,,,,,,,,,
050738,,,,,,,,,,
050739,,,,,,,,,,
050740,,,,,,,,,,
050741,,,,,,,,,,
050742,,,,,,,,,,
050743,,,,,,,,,,
050744,,,,,,,,,,
050745,,,,,,,,,,
050746,,,,,,,,,,
050747,,,,,,,,,,
050748,,,,,,,,,,
050749,,,,,,,,,,
050750,ＮＴＴぷらら,ＮＴＴぷらら,ＮＴＴぷらら,ＮＴＴぷらら,ＮＴＴぷらら,ＮＴＴぷらら,ＮＴＴぷらら,ＮＴＴぷらら,ＮＴＴぷらら,ＮＴＴぷらら
050751,ＮＴＴぷらら,ＮＴＴぷらら,ＮＴＴぷらら,ＮＴＴぷらら,ＮＴＴぷらら,ＮＴＴぷらら,ＮＴＴぷらら,ＮＴＴぷらら,ＮＴＴぷらら,ＮＴＴぷらら
050752,ＮＴＴぷらら,ＮＴＴぷらら,ＮＴＴぷらら,ＮＴＴぷらら,ＮＴＴぷらら,ＮＴＴぷらら,ＮＴＴぷらら,ＮＴＴぷらら,ＮＴＴぷらら,ＮＴＴぷらら
050753,ＮＴＴぷらら,ＮＴＴぷらら,ＮＴＴぷらら,ＮＴＴぷらら,ＮＴＴぷらら,ＮＴＴぷらら,ＮＴＴぷらら,ＮＴＴぷらら,ＮＴＴぷらら,ＮＴＴぷらら
050754,ＮＴＴぷらら,ＮＴＴぷらら,ＮＴＴぷらら,ＮＴＴぷらら,ＮＴＴぷらら,ＮＴＴぷらら,ＮＴＴぷらら,ＮＴＴぷらら,ＮＴＴぷらら,ＮＴＴぷらら
050755,ＮＴＴぷらら,ＮＴＴぷらら,ＮＴＴぷらら,ＮＴＴぷらら,ＮＴＴぷらら,ＮＴＴぷらら,ＮＴＴぷらら,ＮＴＴぷらら,ＮＴＴぷらら,ＮＴＴぷらら
050756,ＮＴＴぷらら,ＮＴＴぷらら,ＮＴＴぷらら,ＮＴＴぷらら,ＮＴＴぷらら,ＮＴＴぷらら,ＮＴＴぷらら,ＮＴＴぷらら,ＮＴＴぷらら,ＮＴＴぷらら
050757,ＮＴＴぷらら,ＮＴＴぷらら,ＮＴＴぷらら,ＮＴＴぷらら,ＮＴＴぷらら,ＮＴＴぷらら,ＮＴＴぷらら,ＮＴＴぷらら,ＮＴＴぷらら,ＮＴＴぷらら
050758,ＮＴＴぷらら,ＮＴＴぷらら,ＮＴＴぷらら,ＮＴＴぷらら,ＮＴＴぷらら,ＮＴＴぷらら,ＮＴＴぷらら,ＮＴＴぷらら,ＮＴＴぷらら,ＮＴＴぷらら
050759,ＮＴＴぷらら,ＮＴＴぷらら,ＮＴＴぷらら,ＮＴＴぷらら,ＮＴＴぷらら,ＮＴＴぷらら,ＮＴＴぷらら,ＮＴＴぷらら,ＮＴＴぷらら,ＮＴＴぷらら
050760,ＮＴＴぷらら,ＮＴＴぷらら,ＮＴＴぷらら,ＮＴＴぷらら,ＮＴＴぷらら,ＮＴＴぷらら,ＮＴＴぷらら,ＮＴＴぷらら,ＮＴＴぷらら,ＮＴＴぷらら
050761,ＮＴＴぷらら,ＮＴＴぷらら,ＮＴＴぷらら,ＮＴＴぷらら,ＮＴＴぷらら,ＮＴＴぷらら,ＮＴＴぷらら,ＮＴＴぷらら,ＮＴＴぷらら,ＮＴＴぷらら
050762,ＮＴＴぷらら,ＮＴＴぷらら,ＮＴＴぷらら,ＮＴＴぷらら,ＮＴＴぷらら,ＮＴＴぷらら,,,,
050763,,,,,,,,,,
050764,,,,,,,,,,
050765,,,,,,,,,,
050766,,,,,,,,,,
050767,,,,,,,,,,
050768,,,,,,,,,,
050769,,,,,,,,,,
050770,,,,,,,,,,
050771,,,,,,,,,,
050772,,,,,,,,,,
050773,,,,,,,,,,
050774,,,,,,,,,,
050775,,,,,,,,,,
050776,,,,,,,,,,
050777,中部テレコミュニケーション,中部テレコミュニケーション,中部テレコミュニケーション,中部テレコミュニケーション,中部テレコミュニケーション,中部テレコミュニケーション,,,,
050778,,,,,,,,,東北インテリジェント通信,
050779,,,,,,,,,,
050780,,,,,,,,,,
050781,,,,,,,,,,
050782,,,,,,,,,,
050783,,,,,,,,,,
050784,,,,,,,,,,
050785,,,,,,,,,,
050786,,,,,,,,,,
050787,,,,,,,,,,
050788,,,,,,,,,,
050789,,,,,,,,,,
050790,,,,,,,,,,
050791,,,,,,,,,,
050792,,,,,,,,,,
050793,,,,,,,,,,
050794,,,,,,,,,,
050795,,,,,,,,,,
050796,,,,,,,,,,
050797,,,,,,,,,,
050798,,,,,,,,,,
050799,,,,,,,,,,
050800,フュージョンコミュニケーションズ,フュージョンコミュニケーションズ,フュージョンコミュニケーションズ,フュージョンコミュニケーションズ,フュージョンコミュニケーションズ,フュージョンコミュニケーションズ,フュージョンコミュニケーションズ,フュージョンコミュニケーションズ,エネルギア・コミュニケーションズ,フュージョンコミュニケーションズ
050801,フュージョンコミュニケーションズ,フュージョンコミュニケーションズ,フュージョンコミュニケーションズ,フュージョンコミュニケーションズ,フュージョンコミュニケーションズ,エネルギア・コミュニケーションズ,フュージョンコミュニケーションズ,エネルギア・コミュニケーションズ,エネルギア・コミュニケーションズ,フュージョンコミュニケーションズ
050802,フュージョンコミュニケーションズ,フュージョンコミュニケーションズ,フュージョンコミュニケーションズ,エネルギア・コミュニケーションズ,エネルギア・コミュニケーションズ,エネルギア・コミュニケーションズ,フュージョンコミュニケーションズ,フュージョンコミュニケーションズ,エネルギア・コミュニケーションズ,エネルギア・コミュニケーションズ
050803,フュージョンコミュニケーションズ,フュージョンコミュニケーションズ,エネルギア・コミュニケーションズ,エネルギア・コミュニケーションズ,フュージョンコミュニケーションズ,フュージョンコミュニケーションズ,フュージョンコミュニケーションズ,フュージョンコミュニケーションズ,フュージョンコミュニケーションズ,
050804,,,,,,,,,,
050805,,,,,,,,,,
050806,,,,,,,,,,
050807,,,,,,,,,,
050808,,,,,,,,,,
050809,,,,,,,,,,
050810,,,,,,,,,,
050811,,,,,,,,,,
050812,,,,,,,,,,
050813,,,,,,,,,,
050814,,,,,,,,,,
050815,,,,,,,,,,
050816,,,,,,,,,,
050817,,,,,,,,,,
050818,,,,,,,,,,
050819,,,,,,,,,,
050820,エネルギア・コミュニケーションズ,エネルギア・コミュニケーションズ,エネルギア・コミュニケーションズ,エネルギア・コミュニケーションズ,,,,,,
050821,,,,,,,,,,
050822,,,,,,,,,,
050823,,,,,,,,,,
050824,,,,,,,,,,
050825,,,,,,,,,,
050826,,,,,,,,,,
050827,,,,,,,,,,
050828,,,,,,,,,,
050829,,,,,,,,,,
050830,,,,,,,,,,
050831,,,,,,,,,,
050832,,,,,,,,,,
050833,,,,,,,,,,
050834,,,,,,,,,,
050835,,,,,,,,,,
050836,,,,,,,,,,
050837,,,,,,,,,,
050838,,,,,,,,,,
050839,,,,,,,,,,
050840,,,,,,,,,,
050841,,,,,,,,,,
050842,,,,,,,,,,
050843,,,,,,,,,,
050844,,,,,,,,,,
050845,,,,,,,,,,
050846,,,,,,,,,,
050847,,,,,,,,,,
050848,,,,,,,,,,
050849,,,,,,,,,,
050850,,,,,,,,,,
050851,,,,,,,,,,
050852,,,,,,,,,,
050853,,,,,,,,,,
050854,,,,,,,,,,
050855,,,,,,,,,,
050856,,,,,,,,,,
050857,,,,,,,,,,
050858,,,,,,,,,,
050859,,,,,,,,,,
050860,ＮＴＴコミュニケーションズ,ＮＴＴコミュニケーションズ,,,,,,,,
050861,,,,,,,,,,
050862,,,,,,,,,,
050863,,,,,,,,,,
050864,,,,,,,,,,
050865,,,,,,,,,,
050866,,,,,,,,,,
050867,,,,,,,,,,
050868,,,,,,,ＮＴＴコミュニケーションズ,,,
050869,,,,,,,,,,
050870,,,,,,,,,,
050871,,,,,,,,,,
050872,,,,,,,,,,
050873,,,,,,,,,,
050874,,,,,,,,,,
050875,,,,,,,,,,
050876,,,,,,,,,,
050877,,,,,,,,,,
050878,,,,,,,,,,
050879,,,,,,,,,,
050880,ＳＴＮｅｔ,ＳＴＮｅｔ,ＳＴＮｅｔ,ＳＴＮｅｔ,ＳＴＮｅｔ,ＳＴＮｅｔ,ＳＴＮｅｔ,ＳＴＮｅｔ,ＳＴＮｅｔ,ＳＴＮｅｔ
050881,ＳＴＮｅｔ,,,,,,,,,
050882,,,,,,,,,,
050883,,,,,,,,,,
050884,,,,,,,,,,
050885,,,,,,,,,,
050886,,,,,ＮＴＴ−ＰＣ,ＮＴＴ−ＰＣ,ＮＴＴ−ＰＣ,ＮＴＴ−ＰＣ,ＮＴＴ−ＰＣ,
050887,,,,,,,,,,
050888,ＵＣＯＭ,ＵＣＯＭ,ＵＣＯＭ,ＵＣＯＭ,ＵＣＯＭ,ＵＣＯＭ,ＵＣＯＭ,,,
050889,,,,,,,,,,
050890,,,,,,,,,,
050891,,,,,,,,,,
050892,,,,,,,,,,
050893,,,,,,,,,,
050894,,,,,,,,,,
050895,,,,,,,,,,
050896,,,,,,,,,,
050897,,,,,,,,,,
050898,,,,,,,,,,
050899,,,,,,,,,,
050900,ドコモ,ドコモ,ドコモ,ドコモ,ドコモ,ドコモ,ドコモ,ドコモ,ドコモ,ドコモ
050901,ドコモ,ドコモ,ドコモ,ドコモ,ドコモ,ドコモ,,,,
050902,,,,,,,,,,
050903,,,,,,,,,,
050904,,,,,,,,,,
050905,,,,,,,,,,
050906,,,,,,,,,,
050907,,,,,,,,,,
050908,,,,,,,,,,
050909,,,,,,,,,,
050910,,,,,,,,,,
050911,,,,,,,,,,
050912,,,,,,,,,,
050913,,,,,,,,,,
050914,,,,,,,,,,
050915,,,,,,,,,,
050916,,,,,,,,,,
050917,,,,,,,,,,
050918,,,,,,,,,,
050919,,,,,,,,,,
050920,,,,,,,,,,
050921,,,,,,,,,,
050922,,,,,,,,,,
050923,,,,,,,,,,
050924,,,,,,,,,,
050925,,,,,,,,,,
050926,,,,,,,,,,
050927,,,,,,,,,,
050928,,,,,,,,,,
050929,,,,,,,,,,
050930,,,,,,,,,,
050931,,,,,,,,,,
050932,,,,,,,,,,
050933,,,,,,,,,,
050934,,,,,,,,,,
050935,,,,,,,,,,
050936,,,,,,,,,,
050937,,,,,,,,,,
050938,,,,,,,,,,
050939,,,,,,,,,,
050940,,,,,,,,,,
050941,,,,,,,,,,
050942,,,,,,,,,,
050943,,,,,,,,,,
050944,,,,,,,,,,
050945,,,,,,,,,,
050946,,,,,,,,,,
050947,,,,,,,,,,
050948,,,,,,,,,,
050949,,,,,,,,,,
050950,,,,,,,,,,
050951,,,,,,,,,,
050952,,,,,,,,,,
050953,,,,,,,,,,
050954,,,,,,,,,,
050955,,,,,,,,,,
050956,,,,,,,,,,
050957,,,,,,,,,,
050958,,,,,,,,,,
050959,,,,,,,,,,
050960,,,,,,,,,,
050961,,,,,,,,,,
050962,,,,,,,,,,
050963,,,,,,,,,,
050964,,,,,,,,,,
050965,,,,,,,,,,
050966,,,,,,,,,,
050967,,,,,,,,,,
050968,,,,,,,,,,
050969,,,,,,,,,,
050970,,,,,,,,,,
050971,,,,,,,,,,
050972,,,,,,,,,,
050973,,,,,,,,,,
050974,,,,,,,,,,
050975,,,,,,,,,,
050976,,,,,,,,,,
050977,,,,,,,,,,
050978,,,,,,,,,,
050979,,,,,,,,,,
050980,,,,,,,,,,
050981,,,,,,,,,,
050982,,,,,,,,,,
050983,,,,,,,,,,
050984,,,,,,,,,,
050985,,,,,,,,,,
050986,,,,,,,,,,
050987,,,,,,,,,,
050988,,,,,,,,,,
050989,,,,,,,,,,
050990,,,,,,,,,,
050991,,,,,,,,,,
050992,,,,,,,,,,
050993,,,,,,,,,,
050994,,,,,,,,,,
050995,,,,,,,,,,
050996,,,,,,,,,,
050997,,,,,,,,,,
050998,,,,,,,,,,
050999,,,,,,,,,,
